cluster,n_peaks,pct_intergenic,pct_intronic,pct_exonic,pct_promoter,median_tss_distance,q25_tss_distance,q75_tss_distance,pct_within_2kb_tss,median_peak_width
0_0,265,47.92,45.28,6.04,0.75,16330.0,8702.0,25373.0,4.49,356.0
0_1,186,39.78,46.77,12.37,1.08,13534.0,6190.0,24344.0,4.84,471.0
10_0,1086,36.19,44.66,17.59,1.57,14432.0,6678.0,27045.0,6.24,462.0
10_1,1117,31.15,37.42,29.1,2.33,13002.0,5642.0,25892.0,8.8,719.0
10_10,401,31.17,43.64,20.95,4.24,13522.0,5574.0,24051.0,10.12,700.0
10_2,355,30.42,45.92,21.97,1.69,16042.0,7070.0,27943.0,5.78,657.0
10_3,1464,31.22,40.92,26.02,1.84,13806.0,5928.0,25968.0,7.27,616.0
10_4,700,30.71,41.0,24.29,4.0,13094.0,4860.0,25457.0,12.21,692.0
10_5,164,37.8,43.9,16.46,1.83,14937.0,6690.0,27190.0,6.62,694.0
10_6,949,36.99,42.04,19.39,1.58,13966.0,5975.0,26584.0,7.95,693.0
10_7,1586,30.39,42.81,23.77,3.03,13266.0,5432.0,25487.0,9.67,823.0
10_8,221,31.22,50.23,17.65,0.9,17273.0,7526.0,30016.0,4.64,687.0
10_9,178,34.83,44.94,19.1,1.12,16043.0,8080.0,26924.0,3.7,540.0
11_0,1083,33.89,40.07,23.64,2.4,13608.0,5814.0,26412.0,7.54,703.0
11_1,185,41.62,40.54,16.76,1.08,13778.0,7615.0,30848.0,5.43,635.0
11_10,134,37.31,37.31,23.88,1.49,10539.0,6490.0,21757.0,6.93,681.0
11_11,104,40.38,34.62,18.27,6.73,12100.0,5690.0,19860.0,15.19,733.0
11_12,176,38.07,38.07,22.73,1.14,13023.0,6320.0,22772.0,8.51,756.0
11_13,610,23.11,12.46,12.95,51.48,568.0,212.0,5757.0,62.89,1085.0
11_14,196,35.71,40.31,21.94,2.04,14886.0,6358.0,28330.0,7.48,700.0
11_15,669,34.83,31.39,27.8,5.98,10370.0,3831.0,22066.0,15.58,863.0
11_2,884,12.44,3.73,8.82,75.0,360.0,154.0,813.0,80.46,1346.0
11_3,233,39.48,39.48,20.17,0.86,16074.0,6747.0,27357.0,7.45,600.0
11_4,1124,30.34,25.44,18.86,25.36,4833.0,550.0,15149.0,34.82,1002.0
11_5,256,37.11,39.45,20.7,2.73,11919.0,5299.0,26220.0,7.0,770.0
11_6,378,29.63,45.24,20.63,4.5,13914.0,5882.0,25907.0,9.17,768.0
11_7,160,34.38,36.88,25.62,3.12,15287.0,5391.0,29591.0,13.22,751.0
11_8,318,43.08,38.99,16.35,1.57,15776.0,7944.0,27318.0,5.88,354.0
11_9,337,33.23,38.87,20.47,7.42,10852.0,3605.0,23531.0,14.87,784.0
12_0,655,37.71,46.41,14.81,1.07,16007.0,7672.0,27766.0,4.5,557.0
12_1,1390,39.78,42.73,16.04,1.44,15075.0,6645.0,27700.0,5.57,512.0
12_10,2990,32.74,43.58,21.84,1.84,13539.0,5666.0,25776.0,8.11,768.0
12_11,604,43.38,44.21,11.75,0.66,18284.0,8349.0,30436.0,3.3,340.0
12_12,359,29.53,42.9,25.91,1.67,13714.0,6584.0,25794.0,7.8,496.0
12_13,7140,38.54,47.17,13.26,1.02,16950.0,8154.0,29256.0,5.72,363.0
12_2,356,30.62,49.72,19.1,0.56,16094.0,8345.0,29110.0,4.23,513.0
12_3,1562,38.16,42.96,17.48,1.41,15869.0,7564.0,27913.0,6.37,492.0
12_4,6401,37.71,42.99,18.03,1.27,15008.0,7199.0,27744.0,5.3,580.0
12_5,827,40.51,41.72,16.57,1.21,14358.0,6726.0,26963.0,6.67,380.0
12_6,145,42.07,44.83,13.1,0.0,14994.0,7420.0,29285.0,7.69,459.0
12_7,969,46.96,47.16,5.26,0.62,18868.0,8216.0,30624.0,6.49,232.0
12_8,517,38.1,52.03,9.28,0.58,18188.0,8339.0,30693.0,3.8,351.0
12_9,5320,31.99,40.49,25.49,2.03,13249.0,5824.0,25912.0,7.48,726.0
13_0,1535,33.94,34.59,27.43,4.04,11455.0,4191.0,22669.0,11.9,835.0
13_1,286,34.97,36.36,25.87,2.8,10842.0,5114.0,21765.0,10.96,712.0
13_10,208,37.5,41.83,18.75,1.92,14911.0,6512.0,30039.0,5.77,655.0
13_11,118,32.2,44.07,21.19,2.54,14360.0,7548.0,25587.0,6.25,553.0
13_12,866,37.76,46.88,13.39,1.96,17702.0,7553.0,30424.0,6.88,834.0
13_13,313,36.42,38.34,23.0,2.24,12805.0,5269.0,28148.0,8.03,755.0
13_14,1436,34.89,21.73,22.7,20.68,5658.0,1185.0,16674.0,31.1,962.0
13_15,1905,34.44,40.05,23.67,1.84,12920.0,5620.0,25248.0,6.83,697.0
13_16,526,37.26,35.17,25.29,2.28,12230.0,5514.0,24496.0,7.47,732.0
13_17,297,36.36,39.39,21.89,2.36,13554.0,5761.0,25066.0,9.35,625.0
13_18,1234,39.22,44.81,14.26,1.7,15471.0,7342.0,29437.0,6.67,402.0
13_2,141,29.79,35.46,32.62,2.13,13065.0,6298.0,25092.0,5.04,783.0
13_3,191,38.74,47.64,10.99,2.62,14457.0,5994.0,30111.0,7.8,751.0
13_4,368,34.51,38.32,24.46,2.72,14171.0,6616.0,25148.0,8.13,674.0
13_5,262,30.53,45.8,21.76,1.91,12282.0,5515.0,22258.0,9.22,704.0
13_6,111,27.93,34.23,32.43,5.41,8578.0,4450.0,20372.0,10.64,727.0
13_7,332,33.43,41.87,23.19,1.51,14981.0,6188.0,28168.0,4.53,712.0
13_8,2416,35.14,31.5,25.7,7.66,9647.0,3500.0,22449.0,16.46,882.0
13_9,362,32.6,41.99,22.93,2.49,15537.0,5512.0,28557.0,9.78,804.0
14_0,1147,37.23,40.28,19.97,2.53,12809.0,5236.0,23597.0,9.08,731.0
14_1,1493,39.32,40.92,17.75,2.01,16877.0,6868.0,30989.0,6.81,687.0
14_2,1213,35.61,45.84,16.57,1.98,13395.0,6352.0,25644.0,7.22,472.0
14_3,394,36.29,43.15,17.77,2.79,13362.0,6141.0,27343.0,8.22,795.0
14_4,1108,41.34,42.33,15.16,1.17,16858.0,8198.0,29825.0,4.52,430.0
14_5,880,32.95,40.34,21.36,5.34,13320.0,5344.0,25461.0,9.56,686.0
14_6,714,30.53,50.56,16.39,2.52,13978.0,6363.0,27174.0,6.7,770.0
14_7,255,28.63,43.53,25.1,2.75,13836.0,6033.0,22779.0,8.81,538.0
14_8,162,36.42,45.68,13.58,4.32,14091.0,5474.0,27930.0,11.19,520.0
15_0,386,45.08,42.49,12.18,0.26,16721.0,8456.0,30299.0,3.23,450.0
15_1,3856,36.75,41.1,19.84,2.31,14114.0,6512.0,26256.0,7.26,638.0
15_10,806,35.11,41.94,21.59,1.36,13555.0,6101.0,26552.0,6.86,608.0
15_11,180,30.0,42.78,25.0,2.22,12916.0,6345.0,22728.0,7.14,561.0
15_12,206,41.26,40.29,16.5,1.94,16144.0,6844.0,27203.0,7.5,562.0
15_13,713,37.17,43.48,17.53,1.82,14861.0,7172.0,27496.0,7.48,481.0
15_14,3191,40.21,44.12,14.6,1.07,16245.0,7575.0,28212.0,5.57,399.0
15_2,2108,35.67,44.5,18.26,1.57,14188.0,6382.0,26732.0,6.22,532.0
15_3,516,42.25,42.44,14.34,0.97,15846.0,7476.0,27889.0,5.41,424.0
15_4,623,38.68,48.48,12.04,0.8,17302.0,8640.0,29433.0,4.67,630.0
15_5,284,26.41,40.85,28.52,4.23,13114.0,4522.0,24697.0,12.92,599.0
15_6,121,36.36,38.84,21.49,3.31,11619.0,4502.0,29693.0,11.34,676.0
15_7,1146,47.21,41.97,9.42,1.4,15408.0,6565.0,29852.0,8.16,267.0
15_8,1529,32.64,39.44,25.7,2.22,13012.0,6058.0,25296.0,7.8,747.0
15_9,3744,34.05,37.53,25.83,2.59,12599.0,5131.0,24276.0,9.09,823.0
16_0,543,34.07,35.91,26.89,3.13,12902.0,5656.0,24490.0,8.31,737.0
16_1,940,31.7,36.38,28.62,3.3,10962.0,4362.0,23345.0,9.69,813.0
16_2,769,38.88,34.98,23.54,2.6,11700.0,5082.0,24910.0,9.3,580.0
16_3,888,34.46,27.14,31.08,7.32,8220.0,3041.0,18176.0,18.09,852.0
16_4,126,36.51,34.92,26.98,1.59,11009.0,6340.0,21757.0,7.22,716.0
16_5,312,44.55,43.91,10.26,1.28,14736.0,7557.0,25520.0,6.61,362.0
17_0,159,27.04,49.69,22.01,1.26,14717.0,6552.0,28109.0,4.8,683.0
17_1,10370,31.49,38.01,28.19,2.31,11179.0,4780.0,22925.0,9.82,748.0
17_2,224,50.45,33.04,9.82,6.7,7222.0,2970.0,18803.0,15.18,768.0
17_3,7585,30.53,35.99,30.94,2.53,10558.0,4363.0,21858.0,10.62,798.0
17_4,4147,34.65,39.86,23.39,2.1,13418.0,5869.0,24836.0,8.42,621.0
17_5,1553,36.83,40.63,20.86,1.67,14320.0,5990.0,26980.0,5.84,645.0
17_6,243,36.21,43.62,18.52,1.65,15950.0,7729.0,26386.0,7.3,649.0
17_7,3756,33.25,42.68,22.12,1.94,12826.0,5313.0,25083.0,7.8,692.0
17_8,2203,36.63,42.76,19.34,1.27,15150.0,6948.0,28491.0,5.26,683.0
17_9,6306,35.41,40.45,21.73,2.41,12574.0,5226.0,25107.0,8.93,753.0
18_0,615,38.86,49.76,10.57,0.81,13184.0,6882.0,23792.0,6.74,290.0
18_1,480,29.58,42.5,26.04,1.88,12474.0,5455.0,23872.0,8.84,548.0
18_10,1148,30.4,40.51,25.96,3.14,11547.0,5158.0,23225.0,7.96,759.0
18_11,1275,31.84,47.53,19.06,1.57,13979.0,6828.0,26411.0,7.03,427.0
18_12,412,34.22,47.33,17.48,0.97,12205.0,6064.0,23455.0,4.44,505.0
18_2,218,31.19,42.66,23.85,2.29,12247.0,5902.0,26657.0,6.67,639.0
18_3,107,42.06,42.99,12.15,2.8,11214.0,6434.0,23308.0,6.74,746.0
18_4,154,28.57,51.95,18.18,1.3,12282.0,5853.0,22733.0,4.48,636.0
18_5,167,31.74,48.5,18.56,1.2,13211.0,4680.0,23552.0,10.37,632.0
18_6,261,38.31,43.3,14.94,3.45,12005.0,4859.0,25208.0,8.92,660.0
18_7,962,28.9,43.76,23.7,3.64,12772.0,5203.0,25128.0,9.08,852.0
18_8,1418,30.04,44.01,24.54,1.41,12705.0,6052.0,24682.0,6.08,661.0
18_9,698,29.23,42.41,25.5,2.87,12378.0,5250.0,23324.0,7.51,643.0
19_0,4783,35.38,41.48,21.43,1.71,13003.0,6057.0,24358.0,7.51,590.0
19_1,1054,38.43,40.99,18.88,1.71,13302.0,6059.0,24970.0,7.55,493.0
19_10,5539,32.06,39.09,26.27,2.58,11505.0,4915.0,23038.0,9.06,729.0
19_11,965,39.59,46.11,13.16,1.14,16581.0,7055.0,29153.0,8.42,450.0
19_12,4946,39.91,43.91,14.68,1.5,14378.0,7311.0,26722.0,6.94,357.0
19_13,106,33.02,37.74,20.75,8.49,9698.0,2858.0,25032.0,17.39,872.0
19_14,156,41.67,37.18,19.87,1.28,14043.0,4858.0,25382.0,9.45,550.0
19_15,456,39.04,45.83,14.69,0.44,15147.0,8547.0,28244.0,4.07,392.0
19_16,3321,33.51,31.35,30.53,4.61,8839.0,3555.0,19198.0,14.19,831.0
19_17,623,42.38,41.41,15.25,0.96,14780.0,7152.0,27403.0,5.22,388.0
19_2,981,35.78,40.88,21.3,2.04,12706.0,5990.0,23757.0,10.49,527.0
19_3,655,38.47,40.61,19.69,1.22,14360.0,6825.0,27408.0,7.34,416.0
19_4,498,39.16,42.57,17.07,1.2,13993.0,6822.0,25080.0,6.23,371.0
19_5,178,41.57,23.6,26.97,7.87,7930.0,2494.0,15898.0,21.25,788.0
19_6,559,33.81,42.58,22.0,1.61,13696.0,5986.0,24505.0,8.2,606.0
19_7,356,30.62,46.35,21.35,1.69,12063.0,6345.0,23450.0,6.69,528.0
19_8,2784,33.69,38.11,24.89,3.3,10536.0,4315.0,22110.0,11.78,809.0
19_9,324,27.78,38.89,31.17,2.16,12397.0,6181.0,20748.0,6.86,582.0
1_0,1718,42.32,44.12,12.63,0.93,15416.0,7492.0,27276.0,4.73,320.0
1_1,4798,41.5,46.71,11.0,0.79,15303.0,7619.0,27089.0,5.94,282.0
1_10,11038,32.55,39.81,26.1,1.54,12363.0,5714.0,24018.0,7.66,672.0
1_11,3720,36.91,42.53,19.19,1.37,13292.0,6612.0,24991.0,6.61,425.0
1_12,4625,42.44,46.31,9.86,1.38,14860.0,7415.0,27138.0,7.1,275.0
1_13,16237,37.62,43.68,17.29,1.4,14203.0,7057.0,25916.0,6.28,430.0
1_2,657,47.03,42.47,7.91,2.59,15584.0,6633.0,27442.0,7.97,407.0
1_3,913,39.32,42.94,16.32,1.42,14900.0,6952.0,26636.0,5.85,419.0
1_4,547,31.26,44.79,22.85,1.1,14768.0,8135.0,26929.0,6.56,390.0
1_5,2304,36.81,47.57,14.5,1.13,15470.0,7800.0,27537.0,5.51,476.0
1_6,399,48.62,44.11,6.77,0.5,22016.0,10991.0,32162.0,3.28,494.0
1_7,11631,33.94,41.54,22.94,1.57,13500.0,6383.0,25265.0,6.89,553.0
1_8,5548,41.65,44.68,12.42,1.24,15484.0,7554.0,28063.0,6.19,349.0
1_9,5815,42.27,45.83,10.8,1.1,15476.0,7428.0,27728.0,6.47,307.0
20_0,1896,34.76,39.03,24.05,2.16,12758.0,5791.0,25055.0,7.7,750.0
20_1,444,47.07,36.71,13.74,2.48,14784.0,6310.0,27188.0,7.82,458.0
20_2,747,37.62,39.63,21.02,1.74,15334.0,6561.0,27531.0,7.69,534.0
20_3,1195,32.72,33.89,29.29,4.1,10363.0,4083.0,21242.0,12.76,873.0
20_4,603,35.99,33.33,26.37,4.31,11371.0,4544.0,23296.0,11.85,809.0
20_5,729,40.05,40.6,17.97,1.37,14957.0,7164.0,27346.0,5.68,526.0
21_0,1674,33.69,46.89,15.11,4.3,13798.0,5291.0,26728.0,10.67,900.0
21_1,165,27.27,48.48,23.03,1.21,14324.0,5542.0,26004.0,7.26,841.0
21_2,709,41.89,45.98,11.28,0.85,14643.0,7141.0,26947.0,5.03,555.0
21_3,1249,35.07,45.0,17.69,2.24,15221.0,6602.0,27683.0,7.55,843.0
21_4,1032,38.95,47.58,11.72,1.74,16749.0,7348.0,30347.0,7.23,749.0
21_5,245,40.82,48.16,9.39,1.63,16161.0,6654.0,31210.0,6.02,790.0
21_6,1605,34.95,45.23,18.26,1.56,13931.0,6570.0,27586.0,5.86,713.0
22_0,655,41.37,33.74,21.98,2.9,12288.0,5223.0,25192.0,8.97,732.0
22_1,4841,35.1,34.58,26.25,4.07,11088.0,4365.0,23331.0,11.87,846.0
22_10,335,33.13,44.18,21.19,1.49,13975.0,5646.0,26778.0,8.7,544.0
22_11,359,30.92,42.34,24.51,2.23,13040.0,5897.0,23024.0,7.94,638.0
22_12,4692,40.41,42.82,15.41,1.36,15579.0,7344.0,28684.0,6.17,447.0
22_13,1518,38.01,36.03,23.65,2.31,12994.0,5620.0,25780.0,7.44,722.0
22_14,3213,34.3,37.85,25.46,2.4,12814.0,5306.0,24768.0,9.34,804.0
22_15,758,34.7,40.11,24.14,1.06,14850.0,6747.0,26955.0,4.84,687.0
22_16,916,35.81,43.89,18.34,1.97,14968.0,7071.0,27226.0,7.09,660.0
22_17,712,40.45,34.55,22.33,2.67,13532.0,6218.0,26750.0,7.86,636.0
22_2,665,39.85,38.8,19.55,1.8,15056.0,6590.0,28342.0,8.35,677.0
22_3,684,38.6,38.3,21.2,1.9,13106.0,5604.0,25664.0,6.81,616.0
22_4,430,32.09,36.28,28.6,3.02,14089.0,5954.0,25902.0,8.29,668.0
22_5,427,45.43,36.53,16.39,1.64,15806.0,7103.0,26480.0,5.96,674.0
22_6,1268,40.3,41.88,16.17,1.66,16722.0,7149.0,29485.0,5.86,671.0
22_7,880,37.84,39.66,20.91,1.59,14047.0,6506.0,26077.0,6.79,579.0
22_8,503,35.79,49.9,13.32,0.99,18552.0,8314.0,32610.0,4.08,698.0
22_9,780,37.56,41.54,19.62,1.28,15351.0,6530.0,27481.0,6.7,669.0
23_0,373,10.19,7.51,9.92,72.39,610.0,286.0,1458.0,78.27,2169.0
23_1,595,8.07,3.7,10.76,77.48,453.0,201.0,951.0,84.1,1770.0
23_2,451,9.53,3.33,9.53,77.61,430.0,223.0,897.0,83.3,1695.0
23_3,304,23.03,27.3,14.47,35.2,2868.0,522.0,13503.0,44.0,1452.0
23_4,567,11.46,2.65,6.88,79.01,364.0,189.0,778.0,84.49,1528.0
24_0,3126,36.6,43.79,18.49,1.12,14551.0,6694.0,26839.0,6.17,550.0
24_1,1745,31.35,35.99,30.2,2.46,11253.0,4744.0,22602.0,10.07,826.0
24_10,2674,32.54,39.94,25.32,2.21,13413.0,5616.0,25471.0,8.04,773.0
24_11,2485,35.9,38.63,23.74,1.73,13471.0,6190.0,25651.0,6.27,703.0
24_12,336,40.77,44.05,14.29,0.89,15878.0,7169.0,28662.0,4.07,401.0
24_13,325,38.15,51.38,9.85,0.62,16972.0,7512.0,29237.0,5.96,579.0
24_14,801,38.83,39.33,20.47,1.37,13152.0,5623.0,25698.0,6.81,608.0
24_15,140,38.57,39.29,20.0,2.14,12895.0,6424.0,26030.0,9.52,543.0
24_2,222,28.83,42.34,26.58,2.25,11658.0,5759.0,25219.0,5.73,607.0
24_3,353,39.09,43.06,16.43,1.42,15205.0,7145.0,28115.0,3.95,429.0
24_4,635,32.91,43.15,21.73,2.2,12626.0,5508.0,23968.0,8.27,532.0
24_5,871,36.39,41.91,19.98,1.72,13217.0,6270.0,26662.0,6.09,526.0
24_6,174,38.51,41.95,18.97,0.57,14770.0,6747.0,27587.0,7.09,516.0
24_7,2961,43.3,44.61,11.45,0.64,15876.0,7435.0,28586.0,5.41,322.0
24_8,638,41.07,41.85,15.99,1.1,14005.0,7496.0,26896.0,5.63,434.0
24_9,515,42.52,44.66,11.46,1.36,17049.0,7122.0,30876.0,6.65,680.0
25_0,971,30.28,36.46,29.76,3.5,12996.0,6210.0,23266.0,8.1,630.0
25_1,2745,29.29,39.42,28.45,2.84,12237.0,4952.0,24560.0,9.17,798.0
25_10,136,38.97,40.44,19.12,1.47,15562.0,9292.0,25736.0,3.92,818.0
25_11,361,34.63,37.4,26.32,1.66,14222.0,6982.0,22228.0,4.64,519.0
25_12,2320,32.41,43.84,21.85,1.9,13014.0,6127.0,23795.0,7.52,382.0
25_2,358,28.21,34.92,32.96,3.91,11956.0,4351.0,22469.0,12.46,652.0
25_3,1115,30.76,46.1,18.12,5.02,12490.0,5198.0,24780.0,9.55,887.0
25_4,152,34.87,29.61,28.95,6.58,10495.0,3760.0,20738.0,16.0,797.0
25_5,272,30.51,37.5,29.78,2.21,11744.0,5256.0,26410.0,9.55,696.0
25_6,258,27.13,37.21,30.62,5.04,11621.0,4595.0,25348.0,11.71,700.0
25_7,1829,28.87,40.46,28.16,2.52,12395.0,5234.0,23803.0,8.61,633.0
25_8,510,27.84,40.59,29.41,2.16,11896.0,5506.0,24221.0,7.99,576.0
25_9,763,33.68,41.55,22.41,2.36,14553.0,6422.0,27362.0,7.87,692.0
26_0,1948,33.83,45.94,14.22,6.01,15002.0,6076.0,28045.0,11.09,1038.0
26_1,4228,24.95,15.02,15.21,44.82,1168.0,246.0,8700.0,54.9,1067.0
26_10,1442,37.59,45.7,12.21,4.51,15974.0,6327.0,29612.0,9.86,924.0
26_11,385,30.13,43.64,19.48,6.75,13690.0,5824.0,26910.0,11.96,986.0
26_12,4309,15.41,11.72,10.05,62.82,437.0,198.0,3450.0,70.97,1319.0
26_2,866,13.86,9.35,7.74,69.05,454.0,210.0,2176.0,74.4,1454.0
26_3,1786,37.46,47.26,11.81,3.47,14662.0,5779.0,26779.0,9.9,920.0
26_4,686,35.86,43.44,11.37,9.33,12870.0,4378.0,25135.0,15.59,1254.0
26_5,726,35.67,40.5,13.36,10.47,12497.0,4312.0,24873.0,17.34,1020.0
26_6,557,36.62,40.57,14.9,7.9,11800.0,3721.0,24326.0,14.16,1043.0
26_7,3442,32.22,17.02,20.25,30.51,3357.0,395.0,13057.0,42.01,1003.0
26_8,3040,38.42,46.18,10.66,4.74,15071.0,5756.0,28502.0,9.27,1032.0
26_9,4788,18.76,11.3,12.49,57.46,497.0,200.0,4692.0,66.4,1191.0
27_0,156,31.41,32.05,34.62,1.92,9292.0,4442.0,19241.0,5.93,850.0
27_1,448,35.49,34.82,26.56,3.12,11551.0,4693.0,21741.0,9.14,850.0
27_2,240,34.17,40.42,23.75,1.67,13294.0,4708.0,26870.0,7.61,736.0
27_3,281,27.05,36.65,30.96,5.34,13189.0,5418.0,27175.0,10.97,648.0
27_4,547,37.48,44.06,17.73,0.73,15859.0,7726.0,27942.0,4.1,475.0
27_5,392,35.2,33.67,27.55,3.57,11138.0,4536.0,20827.0,10.15,797.0
28_0,1763,41.46,46.17,10.72,1.64,15945.0,7218.0,29085.0,6.47,698.0
28_1,598,37.63,49.67,11.71,1.0,18072.0,8758.0,33139.0,4.5,560.0
28_10,429,38.0,49.88,10.49,1.63,18596.0,8755.0,31996.0,7.09,781.0
28_11,2172,33.98,45.17,16.9,3.96,15167.0,6249.0,27265.0,8.64,887.0
28_12,477,39.2,45.07,14.68,1.05,14532.0,7091.0,27759.0,5.52,611.0
28_2,347,39.19,44.96,14.41,1.44,16561.0,8212.0,28784.0,5.44,751.0
28_3,241,32.78,51.87,13.28,2.07,18516.0,8883.0,34283.0,5.13,746.0
28_4,164,26.22,50.0,22.56,1.22,18699.0,8808.0,32006.0,7.87,717.0
28_5,1478,42.08,46.35,11.1,0.47,18479.0,8801.0,30867.0,5.47,474.0
28_6,120,37.5,55.83,5.83,0.83,19946.0,9708.0,30500.0,4.88,780.0
28_7,1318,34.83,47.95,16.31,0.91,16176.0,7744.0,28658.0,4.41,740.0
28_8,120,44.17,41.67,11.67,2.5,17498.0,6012.0,29220.0,14.13,700.0
28_9,163,34.36,53.99,11.66,0.0,18816.0,8422.0,34240.0,4.9,598.0
29_0,2152,37.31,41.22,19.98,1.49,14568.0,6953.0,27624.0,6.93,611.0
29_1,1234,32.9,40.92,23.91,2.27,13016.0,5893.0,25028.0,8.41,738.0
29_10,731,34.75,42.13,20.52,2.6,14054.0,5986.0,25148.0,7.48,564.0
29_11,492,39.23,40.85,17.48,2.44,15150.0,7606.0,26219.0,6.93,560.0
29_12,374,39.3,38.24,20.59,1.87,13184.0,6467.0,24775.0,6.85,618.0
29_13,770,37.79,39.09,20.91,2.21,14070.0,6679.0,27530.0,8.98,598.0
29_14,2135,44.92,44.36,9.98,0.75,15253.0,7015.0,27967.0,5.98,322.0
29_15,580,37.93,40.86,19.83,1.38,15929.0,7026.0,27579.0,5.91,638.0
29_16,344,34.88,39.53,22.67,2.91,14114.0,6488.0,27203.0,7.53,758.0
29_17,1122,35.47,46.52,16.93,1.07,14503.0,7078.0,27200.0,4.77,465.0
29_18,767,39.63,44.59,14.34,1.43,17089.0,7029.0,29706.0,5.48,605.0
29_19,2338,33.06,35.84,28.36,2.74,11146.0,4719.0,22743.0,9.32,850.0
29_2,645,34.88,46.82,16.28,2.02,14399.0,6524.0,26179.0,5.48,626.0
29_3,3816,33.67,39.7,24.55,2.07,13569.0,5805.0,26470.0,8.12,805.0
29_4,577,38.82,49.22,11.27,0.69,18106.0,8099.0,29923.0,5.15,521.0
29_5,839,38.26,36.11,24.08,1.55,13961.0,6797.0,26880.0,6.07,563.0
29_6,215,37.21,43.72,19.07,0.0,18712.0,7400.0,29805.0,6.06,592.0
29_7,175,31.43,48.57,18.29,1.71,16711.0,7266.0,31070.0,5.15,589.0
29_8,122,43.44,50.0,6.56,0.0,21826.0,7735.0,33881.0,3.95,622.0
29_9,591,38.75,41.96,16.92,2.37,13534.0,6190.0,26483.0,6.62,499.0
2_0,142,30.28,52.82,14.79,2.11,13878.0,6525.0,26757.0,8.57,494.0
2_1,993,36.56,39.07,22.66,1.71,14242.0,6851.0,27509.0,5.96,631.0
2_10,309,36.25,39.16,22.65,1.94,13272.0,6356.0,25805.0,7.34,596.0
2_11,672,35.12,44.05,19.64,1.19,16827.0,8246.0,30838.0,5.62,636.0
2_12,537,35.94,42.09,19.55,2.42,15554.0,8078.0,28161.0,5.04,621.0
2_13,3209,36.34,40.6,21.25,1.81,14579.0,6592.0,27620.0,7.49,672.0
2_14,5045,31.48,38.45,26.88,3.19,11802.0,4963.0,25219.0,9.29,800.0
2_15,559,37.57,40.97,19.32,2.15,15788.0,7614.0,27878.0,6.13,552.0
2_16,835,36.77,42.28,19.04,1.92,13343.0,6611.0,25247.0,6.93,547.0
2_17,225,30.67,52.89,14.22,2.22,15793.0,7032.0,26745.0,6.45,599.0
2_18,669,40.36,42.6,15.55,1.49,14093.0,6374.0,26807.0,6.69,529.0
2_19,775,35.61,43.1,20.0,1.29,12706.0,5986.0,25604.0,7.31,566.0
2_2,896,39.84,45.31,13.28,1.56,17210.0,7983.0,29629.0,6.2,680.0
2_3,957,36.68,39.39,22.15,1.78,14152.0,5621.0,27144.0,6.24,619.0
2_4,159,38.36,41.51,16.98,3.14,17209.0,5484.0,25714.0,7.38,734.0
2_5,3093,34.17,34.85,27.84,3.14,11396.0,4450.0,23734.0,10.25,845.0
2_6,5324,40.57,45.12,13.35,0.96,16676.0,7976.0,28627.0,5.22,396.0
2_7,421,38.72,43.23,15.68,2.38,16279.0,8589.0,30070.0,4.64,640.0
2_8,422,31.75,41.0,24.88,2.37,14309.0,5708.0,26963.0,7.25,618.0
2_9,1042,34.45,38.68,24.28,2.59,14665.0,6261.0,26246.0,8.96,638.0
30_0,1558,38.64,46.02,14.7,0.64,17029.0,9153.0,29918.0,3.43,516.0
30_1,616,32.47,39.45,25.97,2.11,13184.0,5574.0,24526.0,6.72,788.0
30_2,947,35.59,41.61,20.91,1.9,15497.0,7004.0,28283.0,5.95,769.0
30_3,168,42.26,41.67,14.29,1.79,16930.0,7272.0,32107.0,5.0,522.0
30_4,725,41.38,49.93,8.0,0.69,16304.0,8372.0,30822.0,4.77,306.0
30_5,1053,37.04,42.45,19.37,1.14,16619.0,7731.0,29872.0,5.35,679.0
30_6,361,40.72,51.25,7.2,0.83,17713.0,8699.0,30340.0,3.88,479.0
31_0,367,40.6,41.96,16.08,1.36,16629.0,6801.0,27363.0,6.15,611.0
31_1,725,33.66,32.97,31.03,2.34,10820.0,4776.0,24948.0,8.47,888.0
31_2,675,35.41,41.93,21.19,1.48,14293.0,6470.0,27302.0,7.05,552.0
31_3,442,33.71,28.73,30.09,7.47,8861.0,3228.0,17884.0,16.54,896.0
31_4,104,36.54,48.08,14.42,0.96,14028.0,8022.0,26430.0,4.05,376.0
31_5,763,31.98,36.44,28.83,2.75,11502.0,5398.0,24488.0,9.46,819.0
31_6,135,33.33,51.85,12.59,2.22,15948.0,5937.0,29492.0,10.28,701.0
31_7,336,35.12,41.96,19.05,3.87,13626.0,5213.0,26104.0,11.55,814.0
32_0,3814,34.66,31.52,28.05,5.77,9653.0,3562.0,21198.0,15.15,838.0
32_1,3476,36.59,36.94,23.56,2.91,11171.0,4708.0,23890.0,10.86,771.0
32_10,900,34.44,42.11,21.78,1.67,14030.0,6502.0,25619.0,6.53,634.0
32_11,409,38.39,41.81,17.11,2.69,11700.0,6216.0,23121.0,8.2,554.0
32_12,2561,37.91,40.41,20.03,1.64,14104.0,6406.0,26326.0,7.19,555.0
32_13,132,39.39,38.64,18.94,3.03,11550.0,4807.0,24780.0,9.43,675.0
32_14,1990,43.72,44.72,10.55,1.01,15184.0,7284.0,27205.0,6.03,333.0
32_15,420,40.24,44.52,12.14,3.1,16676.0,7876.0,28548.0,6.93,712.0
32_2,327,46.48,35.78,15.6,2.14,14597.0,6978.0,25422.0,7.82,561.0
32_3,705,36.6,42.55,18.87,1.99,13474.0,5663.0,24170.0,6.92,496.0
32_4,560,37.5,37.86,21.61,3.04,12784.0,5844.0,26828.0,9.84,701.0
32_5,645,38.6,36.28,22.17,2.95,12963.0,5578.0,25272.0,7.6,666.0
32_6,187,37.97,43.32,17.11,1.6,17032.0,7730.0,29684.0,6.47,692.0
32_7,153,21.57,48.37,28.1,1.96,11032.0,4490.0,20240.0,6.2,605.0
32_8,342,43.27,31.29,22.81,2.63,13839.0,5704.0,25294.0,8.49,563.0
32_9,293,42.66,25.26,15.02,17.06,6056.0,1594.0,16165.0,27.78,839.0
33_0,1549,35.44,26.28,31.96,6.33,8915.0,3292.0,19634.0,16.31,844.0
33_1,6920,36.5,43.03,17.67,2.79,14258.0,6021.0,27362.0,8.31,847.0
33_2,3066,35.0,42.69,18.2,4.11,14680.0,5984.0,28202.0,9.12,844.0
33_3,7755,32.08,23.66,33.4,10.86,7384.0,2495.0,17252.0,21.08,872.0
33_4,4110,32.85,41.29,21.92,3.94,12795.0,4936.0,25631.0,9.94,868.0
33_5,2299,36.32,42.5,17.18,4.0,15416.0,6574.0,28750.0,8.6,864.0
33_6,8172,34.19,22.92,25.22,17.67,6104.0,1583.0,16580.0,28.81,916.0
33_7,1990,34.42,44.67,18.54,2.36,15236.0,6884.0,28744.0,6.76,860.0
33_8,975,33.33,43.38,17.03,6.26,13099.0,4760.0,25578.0,12.92,872.0
34_0,182,33.52,42.31,21.98,2.2,14477.0,7082.0,25168.0,4.23,730.0
34_1,350,29.43,50.29,18.57,1.71,15086.0,7313.0,26878.0,5.68,804.0
34_2,378,38.89,44.44,15.87,0.79,15726.0,6968.0,26899.0,5.96,575.0
34_3,236,33.47,47.88,16.1,2.54,14902.0,6744.0,27108.0,6.86,722.0
34_4,231,33.77,48.48,17.75,0.0,18125.0,7925.0,31128.0,3.64,682.0
35_0,161,40.37,43.48,14.91,1.24,15160.0,8460.0,29757.0,6.31,572.0
35_1,429,33.33,44.29,20.75,1.63,15114.0,6098.0,25772.0,6.36,611.0
35_10,969,37.77,39.83,20.64,1.75,13067.0,5909.0,23966.0,9.15,501.0
35_11,993,34.74,38.97,24.47,1.81,13813.0,5786.0,25906.0,6.92,550.0
35_12,5620,37.69,42.49,18.51,1.32,13920.0,6835.0,25298.0,5.94,448.0
35_13,505,38.02,43.37,16.83,1.78,13388.0,6430.0,23377.0,5.63,389.0
35_14,1360,32.87,41.25,24.12,1.76,12470.0,5534.0,25210.0,8.3,654.0
35_15,1074,36.96,41.25,20.2,1.58,14267.0,6518.0,25479.0,6.26,613.0
35_2,1093,33.21,41.9,22.42,2.47,11942.0,5715.0,22808.0,8.11,497.0
35_3,451,41.46,44.79,12.64,1.11,18730.0,10070.0,31015.0,3.75,524.0
35_4,192,29.17,43.75,25.0,2.08,11191.0,4932.0,20745.0,7.69,488.0
35_5,865,35.14,39.31,23.35,2.2,12904.0,5780.0,24446.0,8.12,577.0
35_6,1633,44.15,46.3,8.45,1.1,15376.0,7406.0,27822.0,6.48,272.0
35_7,824,36.04,44.05,19.05,0.85,14158.0,6726.0,26270.0,5.5,492.0
35_8,3925,32.69,33.73,30.19,3.39,10315.0,4347.0,21552.0,11.78,819.0
35_9,4903,33.33,36.57,27.53,2.57,11342.0,4702.0,22961.0,10.62,764.0
3_0,371,37.47,50.94,10.78,0.81,16973.0,8120.0,28465.0,4.17,656.0
3_1,1446,48.27,41.42,9.2,1.11,17826.0,8384.0,31566.0,4.74,505.0
3_10,184,36.96,47.83,14.13,1.09,17078.0,8171.0,27369.0,6.35,582.0
3_2,642,39.56,42.68,16.04,1.71,15648.0,6771.0,29858.0,5.48,732.0
3_3,226,43.81,44.25,11.5,0.44,19714.0,9160.0,31786.0,1.31,706.0
3_4,162,43.21,42.59,12.96,1.23,17671.0,7494.0,31403.0,4.63,548.0
3_5,1193,36.3,47.78,14.17,1.76,16832.0,7001.0,30136.0,6.49,823.0
3_6,478,31.59,50.21,17.15,1.05,14454.0,6804.0,27438.0,7.14,670.0
3_7,906,41.28,46.36,11.48,0.88,18725.0,9204.0,31651.0,4.23,753.0
3_8,1283,40.92,43.96,13.72,1.4,17779.0,7739.0,29902.0,5.33,696.0
3_9,801,41.32,47.32,10.36,1.0,17341.0,7662.0,29889.0,4.22,833.0
4_0,196,43.88,41.84,7.14,7.14,9258.0,3513.0,19727.0,16.88,442.0
4_1,229,35.81,44.1,18.34,1.75,15822.0,6525.0,26817.0,7.03,344.0
4_2,231,40.69,43.29,14.72,1.3,14532.0,7134.0,25105.0,6.47,392.0
4_3,2329,38.34,42.08,18.03,1.55,13939.0,6722.0,25494.0,6.59,492.0
4_4,3979,43.98,43.75,11.21,1.06,14779.0,6840.0,27233.0,6.01,330.0
5_0,377,25.46,38.2,22.81,13.53,8431.0,2823.0,17665.0,19.83,764.0
5_1,992,38.41,38.61,21.57,1.41,13872.0,5843.0,27279.0,5.28,718.0
5_2,654,32.87,47.4,18.65,1.07,14599.0,6150.0,25094.0,5.46,778.0
5_3,1792,34.15,38.34,23.72,3.79,11490.0,4628.0,23775.0,10.59,853.0
5_4,1873,33.0,41.27,22.96,2.78,13104.0,5540.0,24240.0,7.96,691.0
5_5,1111,36.45,40.77,20.7,2.07,12255.0,5321.0,23203.0,10.3,505.0
5_6,549,37.52,43.9,16.39,2.19,13707.0,5310.0,26064.0,8.11,735.0
5_7,635,34.02,39.84,22.2,3.94,11272.0,4675.0,23008.0,12.65,791.0
5_8,977,33.78,45.75,17.09,3.38,13420.0,5778.0,26252.0,7.34,903.0
5_9,318,30.5,39.94,27.67,1.89,11317.0,4785.0,22310.0,6.69,692.0
6_0,283,38.87,39.93,19.79,1.41,13429.0,6058.0,25251.0,7.25,418.0
6_1,473,40.8,38.48,18.82,1.9,14799.0,7509.0,25546.0,6.46,503.0
6_2,154,32.47,39.61,24.68,3.25,14558.0,5828.0,27242.0,8.33,574.0
6_3,157,39.49,43.31,15.29,1.91,15326.0,6808.0,26759.0,7.27,726.0
6_4,663,36.65,37.41,24.89,1.06,14366.0,6068.0,27139.0,7.58,672.0
6_5,1332,33.93,36.64,27.18,2.25,12517.0,5179.0,24560.0,8.36,793.0
7_0,5497,40.31,47.17,11.21,1.31,15240.0,7460.0,27449.0,6.33,296.0
7_1,20995,47.54,44.42,7.02,1.03,15542.0,7149.0,28024.0,6.89,242.0
7_10,7961,40.23,46.56,12.18,1.02,15146.0,7478.0,26902.0,5.82,315.0
7_11,844,43.13,46.8,8.77,1.3,18744.0,7830.0,32460.0,5.51,372.0
7_12,2643,46.05,43.93,9.31,0.72,15996.0,7772.0,28366.0,5.2,300.0
7_13,28542,40.86,46.35,11.87,0.93,15840.0,7736.0,28137.0,5.52,323.0
7_2,1966,47.3,43.18,6.26,3.26,11190.0,4784.0,21168.0,12.18,318.0
7_3,1131,37.58,48.89,12.2,1.33,15807.0,7444.0,27811.0,4.53,414.0
7_4,21830,35.12,42.01,21.41,1.47,14270.0,6639.0,26337.0,6.53,601.0
7_5,1492,39.48,44.3,14.54,1.68,14322.0,6850.0,26902.0,7.78,408.0
7_6,22246,37.02,44.64,17.14,1.2,14699.0,7194.0,26486.0,5.87,457.0
7_7,1986,38.52,47.53,13.04,0.91,16120.0,7262.0,28565.0,6.22,327.0
7_8,6469,39.37,43.9,15.52,1.21,14456.0,7077.0,26935.0,5.83,356.0
7_9,6717,41.67,44.44,12.85,1.04,15465.0,7524.0,27550.0,6.15,337.0
8_0,1135,29.07,38.15,29.69,3.08,10564.0,4384.0,22482.0,11.38,812.0
8_1,868,31.34,42.05,24.42,2.19,12182.0,4948.0,23637.0,7.9,830.0
8_2,932,36.37,42.38,19.42,1.82,13948.0,5121.0,27893.0,8.84,806.0
8_3,1457,29.79,33.15,33.42,3.64,10051.0,4198.0,20848.0,11.65,828.0
8_4,582,41.75,41.41,14.78,2.06,16709.0,7928.0,30750.0,6.22,478.0
8_5,1475,37.69,41.02,19.19,2.1,15956.0,7432.0,28232.0,6.26,687.0
9_0,794,35.77,44.08,18.39,1.76,14200.0,6894.0,25906.0,6.88,625.0
9_1,353,41.93,41.36,15.3,1.42,16649.0,6534.0,27416.0,8.66,421.0
9_2,724,31.77,41.57,24.31,2.35,12339.0,5036.0,24992.0,8.56,726.0
9_3,795,37.23,45.41,15.47,1.89,13891.0,6364.0,26843.0,8.43,415.0
9_4,622,34.08,32.96,29.74,3.22,11348.0,4916.0,23674.0,10.4,842.0
